Chevrolet USA - Model Overview Silverado 1500 - CORE - GSMC,SYNTHETIC_TEST-0880A5F5BD67FD92,Home,SYNTHETIC_TEST_STEP-B3103B086955FBB9,Load
Chevrolet USA - Model Overview Silverado 1500 - CORE - GSMC,SYNTHETIC_TEST-0880A5F5BD67FD92,Overview,SYNTHETIC_TEST_STEP-03666E0F55AE5C51,Load
Chevrolet USA - BYO Malibu - CORE - BYOI - GSMC,SYNTHETIC_TEST-24FC6C65510B2A2E,Home,SYNTHETIC_TEST_STEP-2C690251096C7848,Load
Chevrolet USA - BYO Malibu - CORE - BYOI - GSMC,SYNTHETIC_TEST-24FC6C65510B2A2E,BYO: Vehicle Select,SYNTHETIC_TEST_STEP-CD6AB60985472BBB,Load
Chevrolet USA - BYO Malibu - CORE - BYOI - GSMC,SYNTHETIC_TEST-24FC6C65510B2A2E,BYO: Step 1: Trims,SYNTHETIC_TEST_STEP-A72DD0BD95FD6330,Load
Chevrolet USA - Inventory Silverado 1500 - CORE - GSMC,SYNTHETIC_TEST-6C2EC83571686501,Home,SYNTHETIC_TEST_STEP-74ECA7B84A35AB39,Load
Chevrolet USA - Inventory Silverado 1500 - CORE - GSMC,SYNTHETIC_TEST-6C2EC83571686501,Inventory: Vehicle Select,SYNTHETIC_TEST_STEP-E167243AA650B800,Load
Chevrolet USA - Inventory Silverado 1500 - CORE - GSMC,SYNTHETIC_TEST-6C2EC83571686501,Inventory: Results,SYNTHETIC_TEST_STEP-7EFBD55558E9927D,Load
Chevrolet USA - Inventory Silverado 1500 - CORE - GSMC,SYNTHETIC_TEST-6C2EC83571686501,Details and Photos,SYNTHETIC_TEST_STEP-9F419B93850AD320,Load
Chevrolet USA - Tools - CORE - GSMC,SYNTHETIC_TEST-604F64B0787842D5,Home,SYNTHETIC_TEST_STEP-F53C1543D685B04A,Load
Chevrolet USA - Tools - CORE - GSMC,SYNTHETIC_TEST-604F64B0787842D5,LAD: Results,SYNTHETIC_TEST_STEP-DB756640EE607631,Load
Chevrolet USA - Tools - CORE - GSMC,SYNTHETIC_TEST-604F64B0787842D5,RAQ: Form Entry,SYNTHETIC_TEST_STEP-B7CCFF4EAB6AD996,Load
Chevrolet USA - Tools - CORE - GSMC,SYNTHETIC_TEST-604F64B0787842D5,Chevy Cares,SYNTHETIC_TEST_STEP-C151CAC90C264468,Load
Chevrolet USA - Protection Plan - CORE - GSMC,SYNTHETIC_TEST-373E6F1C2C8FA2A4,Home,SYNTHETIC_TEST_STEP-566326E413B73129,Load
Chevrolet USA - Protection Plan - CORE - GSMC,SYNTHETIC_TEST-373E6F1C2C8FA2A4,Protection Plan,SYNTHETIC_TEST_STEP-20B94ACE1FC8D45D,Load
Chevrolet USA - Protection Plan - CORE - GSMC,SYNTHETIC_TEST-373E6F1C2C8FA2A4,Click on #step_1_next,SYNTHETIC_TEST_STEP-ADDC317EA8FC9F44,Xhr
Chevrolet USA - Protection Plan - CORE - GSMC,SYNTHETIC_TEST-373E6F1C2C8FA2A4,Checkout,SYNTHETIC_TEST_STEP-D76DFA007ECC1909,Xhr
Chevrolet USA Mobile - Model Overview Silverado - CORE - GSMC,SYNTHETIC_TEST-7F97265506303685,Home,SYNTHETIC_TEST_STEP-186E28D73D9BB255,Load
Chevrolet USA Mobile - Model Overview Silverado - CORE - GSMC,SYNTHETIC_TEST-7F97265506303685,Overview,SYNTHETIC_TEST_STEP-69D4A1C004C2BF6D,Load
Chevrolet USA Mobile - BYO Silverado - CORE - GSMC,SYNTHETIC_TEST-1C6487A6EB409CA2,Home,SYNTHETIC_TEST_STEP-3965E6F5075B9BDA,Load
Chevrolet USA Mobile - BYO Silverado - CORE - GSMC,SYNTHETIC_TEST-1C6487A6EB409CA2,BYO: Vehicle Select,SYNTHETIC_TEST_STEP-DC30D8FA486F4B24,Load
Chevrolet USA Mobile - BYO Silverado - CORE - GSMC,SYNTHETIC_TEST-1C6487A6EB409CA2,BYO: Step 1: Configurations,SYNTHETIC_TEST_STEP-B7BD6F7BDCC3F483,Load
Chevrolet USA Mobile - Tools Silverado - CORE - GSMC,SYNTHETIC_TEST-257922905D443160,Home,SYNTHETIC_TEST_STEP-1AB7BBE8C53C8687,Load
Chevrolet USA Mobile - Tools Silverado - CORE - GSMC,SYNTHETIC_TEST-257922905D443160,Inventory: Results,SYNTHETIC_TEST_STEP-358BEF77739FC652,Load
Chevrolet USA Mobile - Tools Silverado - CORE - GSMC,SYNTHETIC_TEST-257922905D443160,Details and Photos,SYNTHETIC_TEST_STEP-C40587C231582CD2,Load
Chevrolet USA Mobile - Tools Silverado - CORE - GSMC,SYNTHETIC_TEST-257922905D443160,Offers: Results,SYNTHETIC_TEST_STEP-362890DDEFDC9075,Load
Chevrolet USA Mobile - Tools Silverado - CORE - GSMC,SYNTHETIC_TEST-257922905D443160,LAD: Results,SYNTHETIC_TEST_STEP-14FD87834B712C85,Load
Chevrolet USA Mobile - Tools Silverado - CORE - GSMC,SYNTHETIC_TEST-257922905D443160,RAQ: Form Entry,SYNTHETIC_TEST_STEP-552FE0600F50F606,Load
Chevrolet USA Mobile - Tools Silverado - CORE - GSMC,SYNTHETIC_TEST-257922905D443160,Chevy Cares,SYNTHETIC_TEST_STEP-C017042A6B64F677,Load
Chevrolet USA Mobile - Protection Plan - CORE - GSMC,SYNTHETIC_TEST-56946BA40CC67828,Home,SYNTHETIC_TEST_STEP-DBBC32918CAEDD36,Load
Chevrolet USA Mobile - Protection Plan - CORE - GSMC,SYNTHETIC_TEST-56946BA40CC67828,Protection Plan,SYNTHETIC_TEST_STEP-75EFD101B72B4574,Load
Chevrolet USA Mobile - Protection Plan - CORE - GSMC,SYNTHETIC_TEST-56946BA40CC67828,Click on #step_1_next,SYNTHETIC_TEST_STEP-5BD9531504ABF034,Xhr
Chevrolet USA Mobile - Protection Plan - CORE - GSMC,SYNTHETIC_TEST-56946BA40CC67828,Checkout,SYNTHETIC_TEST_STEP-B00005427F6AF0A4,Xhr
